DATA	NOTA	RAZÃO	CNPJ	CODIGO PRODUTO	PRODUTO	QUANTIDADE	VALOR UNITARIO	VALOR TOTAL
23/09/2024	12345	SUPERMERCADO TESTE LTDA	12345678000199	001	ARROZ TIPO 1 KG	2	8,50	17,00
23/09/2024	12345	SUPERMERCADO TESTE LTDA	12345678000199	002	FEIJÃO PRETO KG	1	12,80	12,80
23/09/2024	12345	SUPERMERCADO TESTE LTDA	12345678000199	003	AÇÚCAR CRISTAL KG	1	6,50	6,50
23/09/2024	12345	SUPERMERCADO TESTE LTDA	12345678000199	004	ÓLEO DE SOJA 900ML	1	9,50	9,50
23/09/2024	67890	PADARIA EXEMPLO LTDA	98765432000188	005	PÃO FRANCÊS	10	0,50	5,00
23/09/2024	67890	PADARIA EXEMPLO LTDA	98765432000188	006	LEITE INTEGRAL 1L	2	4,50	9,00
